id,scene_id,image,query_type,question,option_A,option_B,option_C,option_D,option_E,answer,answer_text,split_group,ood_axis,layout_family,lighting_condition,clutter_level,difficulty_tier,task_family
cw_scene000_q00,scene_000,images/scene_000.png,slot_color,Which cassette slot contains the amber wafer?,Slot 4,Slot 2,Slot 1,Slot 3,Slot 5,C,Slot 1,standard_holdout,standard,compact_panel,normal,low,easy,wafer_tracking
cw_scene000_q01,scene_000,images/scene_000.png,gauge_reading,What two-digit pressure value is displayed on the PSI gauge?,35,22,26,31,18,D,31,standard_holdout,standard,compact_panel,normal,low,easy,instrument_reading
cw_scene000_q02,scene_000,images/scene_000.png,led_state,Which module shows the red status LED?,Module D,Module E,Module A,Module B,Module C,D,Module B,standard_holdout,standard,compact_panel,normal,low,easy,instrument_reading
cw_scene000_q03,scene_000,images/scene_000.png,cable_connection,Which port is connected to the cyan cable?,P2,P3,P4,P1,P5,E,P5,standard_holdout,standard,compact_panel,normal,low,easy,connection_audit
cw_scene000_q04,scene_000,images/scene_000.png,robot_alignment,Which station is the orange robot arm pointing toward?,Station E,Station D,Station B,Station C,Station A,B,Station D,standard_holdout,standard,compact_panel,normal,low,easy,wafer_tracking
cw_scene000_q05,scene_000,images/scene_000.png,defect_location,Where is the magenta particle marker located on the cassette area?,upper-left,lower-left,upper-right,center,lower-right,C,upper-right,standard_holdout,standard,compact_panel,normal,low,easy,defect_audit
cw_scene000_q06,scene_000,images/scene_000.png,lot_code,What two-digit lot code is shown on the pod label?,64,91,56,92,81,A,64,standard_holdout,standard,compact_panel,normal,low,easy,instrument_reading
cw_scene000_q07,scene_000,images/scene_000.png,route_order,"In the route strip, which waypoint comes immediately after waypoint 1?",3,4,1,2,5,A,3,standard_holdout,standard,compact_panel,normal,low,easy,route_memory
cw_scene001_q00,scene_001,images/scene_001.png,slot_color,Which cassette slot contains the blue wafer?,Slot 1,Slot 5,Slot 4,Slot 2,Slot 3,A,Slot 1,standard_holdout,standard,compact_panel,normal,low,easy,wafer_tracking
cw_scene001_q01,scene_001,images/scene_001.png,gauge_reading,What two-digit pressure value is displayed on the PSI gauge?,26,31,18,22,57,E,57,standard_holdout,standard,compact_panel,normal,low,easy,instrument_reading
cw_scene001_q02,scene_001,images/scene_001.png,led_state,Which module shows the amber status LED?,Module C,Module B,Module A,Module E,Module D,A,Module C,standard_holdout,standard,compact_panel,normal,low,easy,instrument_reading
cw_scene001_q03,scene_001,images/scene_001.png,cable_connection,Which port is connected to the purple cable?,P4,P2,P3,P5,P1,E,P1,standard_holdout,standard,compact_panel,normal,low,easy,connection_audit
cw_scene001_q04,scene_001,images/scene_001.png,robot_alignment,Which station is the orange robot arm pointing toward?,Station D,Station E,Station A,Station B,Station C,D,Station B,standard_holdout,standard,compact_panel,normal,low,easy,wafer_tracking
cw_scene001_q05,scene_001,images/scene_001.png,defect_location,Where is the magenta particle marker located on the cassette area?,upper-right,center,lower-left,lower-right,upper-left,A,upper-right,standard_holdout,standard,compact_panel,normal,low,easy,defect_audit
cw_scene001_q06,scene_001,images/scene_001.png,lot_code,What two-digit lot code is shown on the pod label?,95,61,64,19,16,B,61,standard_holdout,standard,compact_panel,normal,low,easy,instrument_reading
cw_scene001_q07,scene_001,images/scene_001.png,route_order,"In the route strip, which waypoint comes immediately after waypoint 5?",3,1,2,4,5,B,1,standard_holdout,standard,compact_panel,normal,low,easy,route_memory
cw_scene002_q00,scene_002,images/scene_002.png,slot_color,Which cassette slot contains the green wafer?,Slot 5,Slot 4,Slot 3,Slot 1,Slot 2,A,Slot 5,standard_holdout,standard,wide_ports,normal,low,easy,wafer_tracking
cw_scene002_q01,scene_002,images/scene_002.png,gauge_reading,What two-digit pressure value is displayed on the PSI gauge?,82,22,18,31,26,A,82,standard_holdout,standard,wide_ports,normal,low,easy,instrument_reading
cw_scene002_q02,scene_002,images/scene_002.png,led_state,Which module shows the blue status LED?,Module D,Module E,Module B,Module C,Module A,C,Module B,standard_holdout,standard,wide_ports,normal,low,easy,instrument_reading
cw_scene002_q03,scene_002,images/scene_002.png,cable_connection,Which port is connected to the yellow cable?,P4,P3,P1,P5,P2,C,P1,standard_holdout,standard,wide_ports,normal,low,easy,connection_audit
cw_scene002_q04,scene_002,images/scene_002.png,robot_alignment,Which station is the orange robot arm pointing toward?,Station B,Station C,Station E,Station D,Station A,E,Station A,standard_holdout,standard,wide_ports,normal,low,easy,wafer_tracking
cw_scene002_q05,scene_002,images/scene_002.png,defect_location,Where is the magenta particle marker located on the cassette area?,center,lower-right,upper-right,upper-left,lower-left,C,upper-right,standard_holdout,standard,wide_ports,normal,low,easy,defect_audit
cw_scene002_q06,scene_002,images/scene_002.png,lot_code,What two-digit lot code is shown on the pod label?,64,12,22,84,87,E,87,standard_holdout,standard,wide_ports,normal,low,easy,instrument_reading
cw_scene002_q07,scene_002,images/scene_002.png,route_order,"In the route strip, which waypoint comes immediately after waypoint 4?",3,2,5,1,4,C,5,standard_holdout,standard,wide_ports,normal,low,easy,route_memory
cw_scene003_q00,scene_003,images/scene_003.png,slot_color,Which cassette slot contains the amber wafer?,Slot 5,Slot 3,Slot 2,Slot 1,Slot 4,B,Slot 3,standard_holdout,standard,left_cassette,normal,low,easy,wafer_tracking
cw_scene003_q01,scene_003,images/scene_003.png,gauge_reading,What two-digit pressure value is displayed on the PSI gauge?,22,18,26,31,88,E,88,standard_holdout,standard,left_cassette,normal,low,easy,instrument_reading
cw_scene003_q02,scene_003,images/scene_003.png,led_state,Which module shows the red status LED?,Module A,Module B,Module D,Module C,Module E,E,Module E,standard_holdout,standard,left_cassette,normal,low,easy,instrument_reading
cw_scene003_q03,scene_003,images/scene_003.png,cable_connection,Which port is connected to the yellow cable?,P3,P2,P5,P4,P1,A,P3,standard_holdout,standard,left_cassette,normal,low,easy,connection_audit
cw_scene003_q04,scene_003,images/scene_003.png,robot_alignment,Which station is the orange robot arm pointing toward?,Station B,Station E,Station D,Station A,Station C,C,Station D,standard_holdout,standard,left_cassette,normal,low,easy,wafer_tracking
cw_scene003_q05,scene_003,images/scene_003.png,defect_location,Where is the magenta particle marker located on the cassette area?,center,lower-left,upper-left,upper-right,lower-right,D,upper-right,standard_holdout,standard,left_cassette,normal,low,easy,defect_audit
cw_scene003_q06,scene_003,images/scene_003.png,lot_code,What two-digit lot code is shown on the pod label?,93,33,43,76,56,C,43,standard_holdout,standard,left_cassette,normal,low,easy,instrument_reading
cw_scene003_q07,scene_003,images/scene_003.png,route_order,"In the route strip, which waypoint comes immediately after waypoint 1?",2,5,1,3,4,D,3,standard_holdout,standard,left_cassette,normal,low,easy,route_memory
cw_scene004_q00,scene_004,images/scene_004.png,slot_color,Which cassette slot contains the cyan wafer?,Slot 5,Slot 1,Slot 2,Slot 3,Slot 4,C,Slot 2,standard_holdout,standard,left_cassette,normal,low,easy,wafer_tracking
cw_scene004_q01,scene_004,images/scene_004.png,gauge_reading,What two-digit pressure value is displayed on the PSI gauge?,22,35,18,26,31,B,35,standard_holdout,standard,left_cassette,normal,low,easy,instrument_reading
cw_scene004_q02,scene_004,images/scene_004.png,led_state,Which module shows the cyan status LED?,Module E,Module A,Module D,Module B,Module C,C,Module D,standard_holdout,standard,left_cassette,normal,low,easy,instrument_reading
cw_scene004_q03,scene_004,images/scene_004.png,cable_connection,Which port is connected to the cyan cable?,P4,P1,P5,P3,P2,B,P1,standard_holdout,standard,left_cassette,normal,low,easy,connection_audit
cw_scene004_q04,scene_004,images/scene_004.png,robot_alignment,Which station is the orange robot arm pointing toward?,Station C,Station B,Station E,Station A,Station D,E,Station D,standard_holdout,standard,left_cassette,normal,low,easy,wafer_tracking
cw_scene004_q05,scene_004,images/scene_004.png,defect_location,Where is the magenta particle marker located on the cassette area?,upper-left,upper-right,center,lower-left,lower-right,A,upper-left,standard_holdout,standard,left_cassette,normal,low,easy,defect_audit
cw_scene004_q06,scene_004,images/scene_004.png,lot_code,What two-digit lot code is shown on the pod label?,46,58,84,35,12,B,58,standard_holdout,standard,left_cassette,normal,low,easy,instrument_reading
cw_scene004_q07,scene_004,images/scene_004.png,route_order,"In the route strip, which waypoint comes immediately after waypoint 3?",2,4,1,5,3,B,4,standard_holdout,standard,left_cassette,normal,low,easy,route_memory
cw_scene005_q00,scene_005,images/scene_005.png,slot_color,Which cassette slot contains the blue wafer?,Slot 5,Slot 3,Slot 4,Slot 2,Slot 1,D,Slot 2,standard_holdout,standard,left_cassette,normal,low,easy,wafer_tracking
cw_scene005_q01,scene_005,images/scene_005.png,gauge_reading,What two-digit pressure value is displayed on the PSI gauge?,22,26,71,31,18,C,71,standard_holdout,standard,left_cassette,normal,low,easy,instrument_reading
cw_scene005_q02,scene_005,images/scene_005.png,led_state,Which module shows the red status LED?,Module D,Module B,Module C,Module E,Module A,E,Module A,standard_holdout,standard,left_cassette,normal,low,easy,instrument_reading
cw_scene005_q03,scene_005,images/scene_005.png,cable_connection,Which port is connected to the purple cable?,P3,P5,P1,P4,P2,C,P1,standard_holdout,standard,left_cassette,normal,low,easy,connection_audit
cw_scene005_q04,scene_005,images/scene_005.png,robot_alignment,Which station is the orange robot arm pointing toward?,Station C,Station E,Station D,Station A,Station B,C,Station D,standard_holdout,standard,left_cassette,normal,low,easy,wafer_tracking
cw_scene005_q05,scene_005,images/scene_005.png,defect_location,Where is the magenta particle marker located on the cassette area?,upper-right,lower-right,lower-left,upper-left,center,D,upper-left,standard_holdout,standard,left_cassette,normal,low,easy,defect_audit
cw_scene005_q06,scene_005,images/scene_005.png,lot_code,What two-digit lot code is shown on the pod label?,11,83,44,28,42,D,28,standard_holdout,standard,left_cassette,normal,low,easy,instrument_reading
cw_scene005_q07,scene_005,images/scene_005.png,route_order,"In the route strip, which waypoint comes immediately after waypoint 5?",4,1,5,2,3,D,2,standard_holdout,standard,left_cassette,normal,low,easy,route_memory
cw_scene006_q00,scene_006,images/scene_006.png,slot_color,Which cassette slot contains the blue wafer?,Slot 4,Slot 2,Slot 3,Slot 1,Slot 5,E,Slot 5,standard_holdout,standard,left_cassette,normal,low,easy,wafer_tracking
cw_scene006_q01,scene_006,images/scene_006.png,gauge_reading,What two-digit pressure value is displayed on the PSI gauge?,18,31,26,22,35,A,18,standard_holdout,standard,left_cassette,normal,low,easy,instrument_reading
cw_scene006_q02,scene_006,images/scene_006.png,led_state,Which module shows the amber status LED?,Module E,Module C,Module D,Module B,Module A,C,Module D,standard_holdout,standard,left_cassette,normal,low,easy,instrument_reading
cw_scene006_q03,scene_006,images/scene_006.png,cable_connection,Which port is connected to the purple cable?,P4,P2,P5,P3,P1,A,P4,standard_holdout,standard,left_cassette,normal,low,easy,connection_audit
cw_scene006_q04,scene_006,images/scene_006.png,robot_alignment,Which station is the orange robot arm pointing toward?,Station C,Station A,Station E,Station D,Station B,E,Station B,standard_holdout,standard,left_cassette,normal,low,easy,wafer_tracking
cw_scene006_q05,scene_006,images/scene_006.png,defect_location,Where is the magenta particle marker located on the cassette area?,upper-right,center,lower-right,lower-left,upper-left,C,lower-right,standard_holdout,standard,left_cassette,normal,low,easy,defect_audit
cw_scene006_q06,scene_006,images/scene_006.png,lot_code,What two-digit lot code is shown on the pod label?,78,79,32,46,98,B,79,standard_holdout,standard,left_cassette,normal,low,easy,instrument_reading
cw_scene006_q07,scene_006,images/scene_006.png,route_order,"In the route strip, which waypoint comes immediately after waypoint 5?",2,3,5,4,1,D,4,standard_holdout,standard,left_cassette,normal,low,easy,route_memory
cw_scene007_q00,scene_007,images/scene_007.png,slot_color,Which cassette slot contains the cyan wafer?,Slot 2,Slot 4,Slot 5,Slot 3,Slot 1,D,Slot 3,standard_holdout,standard,left_cassette,normal,low,easy,wafer_tracking
cw_scene007_q01,scene_007,images/scene_007.png,gauge_reading,What two-digit pressure value is displayed on the PSI gauge?,26,22,71,18,31,C,71,standard_holdout,standard,left_cassette,normal,low,easy,instrument_reading
cw_scene007_q02,scene_007,images/scene_007.png,led_state,Which module shows the cyan status LED?,Module A,Module C,Module E,Module D,Module B,E,Module B,standard_holdout,standard,left_cassette,normal,low,easy,instrument_reading
cw_scene007_q03,scene_007,images/scene_007.png,cable_connection,Which port is connected to the yellow cable?,P5,P1,P3,P4,P2,B,P1,standard_holdout,standard,left_cassette,normal,low,easy,connection_audit
cw_scene007_q04,scene_007,images/scene_007.png,robot_alignment,Which station is the orange robot arm pointing toward?,Station D,Station C,Station E,Station A,Station B,A,Station D,standard_holdout,standard,left_cassette,normal,low,easy,wafer_tracking
cw_scene007_q05,scene_007,images/scene_007.png,defect_location,Where is the magenta particle marker located on the cassette area?,lower-left,center,upper-right,lower-right,upper-left,B,center,standard_holdout,standard,left_cassette,normal,low,easy,defect_audit
cw_scene007_q06,scene_007,images/scene_007.png,lot_code,What two-digit lot code is shown on the pod label?,88,78,73,35,65,E,65,standard_holdout,standard,left_cassette,normal,low,easy,instrument_reading
cw_scene007_q07,scene_007,images/scene_007.png,route_order,"In the route strip, which waypoint comes immediately after waypoint 1?",5,4,1,3,2,A,5,standard_holdout,standard,left_cassette,normal,low,easy,route_memory
cw_scene008_q00,scene_008,images/scene_008.png,slot_color,Which cassette slot contains the amber wafer?,Slot 2,Slot 3,Slot 4,Slot 5,Slot 1,D,Slot 5,standard_holdout,standard,wide_ports,normal,low,easy,wafer_tracking
cw_scene008_q01,scene_008,images/scene_008.png,gauge_reading,What two-digit pressure value is displayed on the PSI gauge?,26,31,35,18,22,E,22,standard_holdout,standard,wide_ports,normal,low,easy,instrument_reading
cw_scene008_q02,scene_008,images/scene_008.png,led_state,Which module shows the red status LED?,Module B,Module A,Module C,Module D,Module E,D,Module D,standard_holdout,standard,wide_ports,normal,low,easy,instrument_reading
cw_scene008_q03,scene_008,images/scene_008.png,cable_connection,Which port is connected to the orange cable?,P2,P1,P4,P5,P3,D,P5,standard_holdout,standard,wide_ports,normal,low,easy,connection_audit
cw_scene008_q04,scene_008,images/scene_008.png,robot_alignment,Which station is the orange robot arm pointing toward?,Station C,Station E,Station B,Station A,Station D,B,Station E,standard_holdout,standard,wide_ports,normal,low,easy,wafer_tracking
cw_scene008_q05,scene_008,images/scene_008.png,defect_location,Where is the magenta particle marker located on the cassette area?,upper-left,lower-left,lower-right,center,upper-right,E,upper-right,standard_holdout,standard,wide_ports,normal,low,easy,defect_audit
cw_scene008_q06,scene_008,images/scene_008.png,lot_code,What two-digit lot code is shown on the pod label?,30,51,64,73,39,B,51,standard_holdout,standard,wide_ports,normal,low,easy,instrument_reading
cw_scene008_q07,scene_008,images/scene_008.png,route_order,"In the route strip, which waypoint comes immediately after waypoint 4?",5,3,1,2,4,D,2,standard_holdout,standard,wide_ports,normal,low,easy,route_memory
cw_scene009_q00,scene_009,images/scene_009.png,slot_color,Which cassette slot contains the amber wafer?,Slot 1,Slot 3,Slot 2,Slot 4,Slot 5,A,Slot 1,standard_holdout,standard,wide_ports,normal,low,easy,wafer_tracking
cw_scene009_q01,scene_009,images/scene_009.png,gauge_reading,What two-digit pressure value is displayed on the PSI gauge?,31,22,26,82,18,D,82,standard_holdout,standard,wide_ports,normal,low,easy,instrument_reading
cw_scene009_q02,scene_009,images/scene_009.png,led_state,Which module shows the green status LED?,Module B,Module E,Module D,Module C,Module A,B,Module E,standard_holdout,standard,wide_ports,normal,low,easy,instrument_reading
cw_scene009_q03,scene_009,images/scene_009.png,cable_connection,Which port is connected to the yellow cable?,P2,P1,P5,P3,P4,B,P1,standard_holdout,standard,wide_ports,normal,low,easy,connection_audit
cw_scene009_q04,scene_009,images/scene_009.png,robot_alignment,Which station is the orange robot arm pointing toward?,Station C,Station E,Station D,Station B,Station A,D,Station B,standard_holdout,standard,wide_ports,normal,low,easy,wafer_tracking
cw_scene009_q05,scene_009,images/scene_009.png,defect_location,Where is the magenta particle marker located on the cassette area?,lower-right,lower-left,upper-left,center,upper-right,B,lower-left,standard_holdout,standard,wide_ports,normal,low,easy,defect_audit
cw_scene009_q06,scene_009,images/scene_009.png,lot_code,What two-digit lot code is shown on the pod label?,10,85,78,93,53,B,85,standard_holdout,standard,wide_ports,normal,low,easy,instrument_reading
cw_scene009_q07,scene_009,images/scene_009.png,route_order,"In the route strip, which waypoint comes immediately after waypoint 5?",5,4,2,1,3,D,1,standard_holdout,standard,wide_ports,normal,low,easy,route_memory
cw_scene010_q00,scene_010,images/scene_010.png,slot_color,Which cassette slot contains the blue wafer?,Slot 1,Slot 4,Slot 3,Slot 2,Slot 5,D,Slot 2,standard_holdout,standard,wide_ports,normal,low,easy,wafer_tracking
cw_scene010_q01,scene_010,images/scene_010.png,gauge_reading,What two-digit pressure value is displayed on the PSI gauge?,18,26,31,22,76,E,76,standard_holdout,standard,wide_ports,normal,low,easy,instrument_reading
cw_scene010_q02,scene_010,images/scene_010.png,led_state,Which module shows the blue status LED?,Module B,Module D,Module E,Module A,Module C,A,Module B,standard_holdout,standard,wide_ports,normal,low,easy,instrument_reading
cw_scene010_q03,scene_010,images/scene_010.png,cable_connection,Which port is connected to the yellow cable?,P1,P4,P2,P5,P3,C,P2,standard_holdout,standard,wide_ports,normal,low,easy,connection_audit
cw_scene010_q04,scene_010,images/scene_010.png,robot_alignment,Which station is the orange robot arm pointing toward?,Station E,Station D,Station B,Station A,Station C,D,Station A,standard_holdout,standard,wide_ports,normal,low,easy,wafer_tracking
cw_scene010_q05,scene_010,images/scene_010.png,defect_location,Where is the magenta particle marker located on the cassette area?,lower-right,center,lower-left,upper-left,upper-right,E,upper-right,standard_holdout,standard,wide_ports,normal,low,easy,defect_audit
cw_scene010_q06,scene_010,images/scene_010.png,lot_code,What two-digit lot code is shown on the pod label?,65,42,57,28,34,B,42,standard_holdout,standard,wide_ports,normal,low,easy,instrument_reading
cw_scene010_q07,scene_010,images/scene_010.png,route_order,"In the route strip, which waypoint comes immediately after waypoint 3?",5,2,1,3,4,C,1,standard_holdout,standard,wide_ports,normal,low,easy,route_memory
cw_scene011_q00,scene_011,images/scene_011.png,slot_color,Which cassette slot contains the cyan wafer?,Slot 4,Slot 2,Slot 1,Slot 3,Slot 5,B,Slot 2,standard_holdout,standard,compact_panel,normal,low,easy,wafer_tracking
cw_scene011_q01,scene_011,images/scene_011.png,gauge_reading,What two-digit pressure value is displayed on the PSI gauge?,67,26,18,31,22,A,67,standard_holdout,standard,compact_panel,normal,low,easy,instrument_reading
cw_scene011_q02,scene_011,images/scene_011.png,led_state,Which module shows the red status LED?,Module E,Module B,Module C,Module A,Module D,C,Module C,standard_holdout,standard,compact_panel,normal,low,easy,instrument_reading
cw_scene011_q03,scene_011,images/scene_011.png,cable_connection,Which port is connected to the green cable?,P4,P5,P2,P1,P3,A,P4,standard_holdout,standard,compact_panel,normal,low,easy,connection_audit
cw_scene011_q04,scene_011,images/scene_011.png,robot_alignment,Which station is the orange robot arm pointing toward?,Station D,Station B,Station C,Station E,Station A,C,Station C,standard_holdout,standard,compact_panel,normal,low,easy,wafer_tracking
cw_scene011_q05,scene_011,images/scene_011.png,defect_location,Where is the magenta particle marker located on the cassette area?,lower-left,upper-left,lower-right,center,upper-right,D,center,standard_holdout,standard,compact_panel,normal,low,easy,defect_audit
cw_scene011_q06,scene_011,images/scene_011.png,lot_code,What two-digit lot code is shown on the pod label?,26,71,82,98,42,A,26,standard_holdout,standard,compact_panel,normal,low,easy,instrument_reading
cw_scene011_q07,scene_011,images/scene_011.png,route_order,"In the route strip, which waypoint comes immediately after waypoint 4?",2,3,5,4,1,B,3,standard_holdout,standard,compact_panel,normal,low,easy,route_memory
cw_scene012_q00,scene_012,images/scene_012.png,slot_color,Which cassette slot contains the blue wafer?,Slot 1,Slot 4,Slot 5,Slot 2,Slot 3,A,Slot 1,standard_holdout,standard,compact_panel,normal,low,easy,wafer_tracking
cw_scene012_q01,scene_012,images/scene_012.png,gauge_reading,What two-digit pressure value is displayed on the PSI gauge?,22,18,88,31,26,C,88,standard_holdout,standard,compact_panel,normal,low,easy,instrument_reading
cw_scene012_q02,scene_012,images/scene_012.png,led_state,Which module shows the green status LED?,Module E,Module D,Module B,Module C,Module A,B,Module D,standard_holdout,standard,compact_panel,normal,low,easy,instrument_reading
cw_scene012_q03,scene_012,images/scene_012.png,cable_connection,Which port is connected to the purple cable?,P3,P5,P2,P1,P4,C,P2,standard_holdout,standard,compact_panel,normal,low,easy,connection_audit
cw_scene012_q04,scene_012,images/scene_012.png,robot_alignment,Which station is the orange robot arm pointing toward?,Station C,Station D,Station A,Station E,Station B,E,Station B,standard_holdout,standard,compact_panel,normal,low,easy,wafer_tracking
cw_scene012_q05,scene_012,images/scene_012.png,defect_location,Where is the magenta particle marker located on the cassette area?,center,lower-left,lower-right,upper-right,upper-left,C,lower-right,standard_holdout,standard,compact_panel,normal,low,easy,defect_audit
cw_scene012_q06,scene_012,images/scene_012.png,lot_code,What two-digit lot code is shown on the pod label?,60,75,49,56,15,E,15,standard_holdout,standard,compact_panel,normal,low,easy,instrument_reading
cw_scene012_q07,scene_012,images/scene_012.png,route_order,"In the route strip, which waypoint comes immediately after waypoint 1?",5,4,2,3,1,C,2,standard_holdout,standard,compact_panel,normal,low,easy,route_memory
cw_scene013_q00,scene_013,images/scene_013.png,slot_color,Which cassette slot contains the blue wafer?,Slot 4,Slot 3,Slot 2,Slot 1,Slot 5,A,Slot 4,standard_holdout,standard,right_cassette,normal,low,easy,wafer_tracking
cw_scene013_q01,scene_013,images/scene_013.png,gauge_reading,What two-digit pressure value is displayed on the PSI gauge?,26,31,57,18,22,C,57,standard_holdout,standard,right_cassette,normal,low,easy,instrument_reading
cw_scene013_q02,scene_013,images/scene_013.png,led_state,Which module shows the red status LED?,Module C,Module E,Module A,Module D,Module B,E,Module B,standard_holdout,standard,right_cassette,normal,low,easy,instrument_reading
cw_scene013_q03,scene_013,images/scene_013.png,cable_connection,Which port is connected to the cyan cable?,P1,P3,P4,P2,P5,A,P1,standard_holdout,standard,right_cassette,normal,low,easy,connection_audit
cw_scene013_q04,scene_013,images/scene_013.png,robot_alignment,Which station is the orange robot arm pointing toward?,Station A,Station D,Station B,Station E,Station C,E,Station C,standard_holdout,standard,right_cassette,normal,low,easy,wafer_tracking
cw_scene013_q05,scene_013,images/scene_013.png,defect_location,Where is the magenta particle marker located on the cassette area?,upper-right,lower-right,lower-left,upper-left,center,A,upper-right,standard_holdout,standard,right_cassette,normal,low,easy,defect_audit
cw_scene013_q06,scene_013,images/scene_013.png,lot_code,What two-digit lot code is shown on the pod label?,30,27,70,81,14,C,70,standard_holdout,standard,right_cassette,normal,low,easy,instrument_reading
cw_scene013_q07,scene_013,images/scene_013.png,route_order,"In the route strip, which waypoint comes immediately after waypoint 2?",4,1,5,3,2,B,1,standard_holdout,standard,right_cassette,normal,low,easy,route_memory
cw_scene014_q00,scene_014,images/scene_014.png,slot_color,Which cassette slot contains the red wafer?,Slot 2,Slot 1,Slot 5,Slot 4,Slot 3,A,Slot 2,standard_holdout,standard,compact_panel,normal,low,easy,wafer_tracking
cw_scene014_q01,scene_014,images/scene_014.png,gauge_reading,What two-digit pressure value is displayed on the PSI gauge?,26,53,31,18,22,B,53,standard_holdout,standard,compact_panel,normal,low,easy,instrument_reading
cw_scene014_q02,scene_014,images/scene_014.png,led_state,Which module shows the blue status LED?,Module A,Module B,Module C,Module E,Module D,D,Module E,standard_holdout,standard,compact_panel,normal,low,easy,instrument_reading
cw_scene014_q03,scene_014,images/scene_014.png,cable_connection,Which port is connected to the yellow cable?,P5,P2,P3,P4,P1,D,P4,standard_holdout,standard,compact_panel,normal,low,easy,connection_audit
cw_scene014_q04,scene_014,images/scene_014.png,robot_alignment,Which station is the orange robot arm pointing toward?,Station B,Station A,Station E,Station C,Station D,A,Station B,standard_holdout,standard,compact_panel,normal,low,easy,wafer_tracking
cw_scene014_q05,scene_014,images/scene_014.png,defect_location,Where is the magenta particle marker located on the cassette area?,center,lower-left,lower-right,upper-right,upper-left,D,upper-right,standard_holdout,standard,compact_panel,normal,low,easy,defect_audit
cw_scene014_q06,scene_014,images/scene_014.png,lot_code,What two-digit lot code is shown on the pod label?,41,32,28,29,14,A,41,standard_holdout,standard,compact_panel,normal,low,easy,instrument_reading
cw_scene014_q07,scene_014,images/scene_014.png,route_order,"In the route strip, which waypoint comes immediately after waypoint 4?",1,5,4,3,2,E,2,standard_holdout,standard,compact_panel,normal,low,easy,route_memory
cw_scene015_q00,scene_015,images/scene_015.png,slot_color,Which cassette slot contains the cyan wafer?,Slot 3,Slot 4,Slot 1,Slot 2,Slot 5,A,Slot 3,standard_holdout,standard,compact_panel,normal,low,easy,wafer_tracking
cw_scene015_q01,scene_015,images/scene_015.png,gauge_reading,What two-digit pressure value is displayed on the PSI gauge?,62,22,18,31,26,A,62,standard_holdout,standard,compact_panel,normal,low,easy,instrument_reading
cw_scene015_q02,scene_015,images/scene_015.png,led_state,Which module shows the green status LED?,Module D,Module C,Module A,Module E,Module B,D,Module E,standard_holdout,standard,compact_panel,normal,low,easy,instrument_reading
cw_scene015_q03,scene_015,images/scene_015.png,cable_connection,Which port is connected to the purple cable?,P3,P5,P2,P4,P1,A,P3,standard_holdout,standard,compact_panel,normal,low,easy,connection_audit
cw_scene015_q04,scene_015,images/scene_015.png,robot_alignment,Which station is the orange robot arm pointing toward?,Station D,Station B,Station E,Station A,Station C,B,Station B,standard_holdout,standard,compact_panel,normal,low,easy,wafer_tracking
cw_scene015_q05,scene_015,images/scene_015.png,defect_location,Where is the magenta particle marker located on the cassette area?,upper-right,center,lower-right,upper-left,lower-left,B,center,standard_holdout,standard,compact_panel,normal,low,easy,defect_audit
cw_scene015_q06,scene_015,images/scene_015.png,lot_code,What two-digit lot code is shown on the pod label?,71,29,11,68,10,A,71,standard_holdout,standard,compact_panel,normal,low,easy,instrument_reading
cw_scene015_q07,scene_015,images/scene_015.png,route_order,"In the route strip, which waypoint comes immediately after waypoint 1?",3,2,4,5,1,B,2,standard_holdout,standard,compact_panel,normal,low,easy,route_memory
cw_scene016_q00,scene_016,images/scene_016.png,slot_color,Which cassette slot contains the amber wafer?,Slot 3,Slot 1,Slot 4,Slot 5,Slot 2,E,Slot 2,standard_holdout,low_light,wide_ports,low_light,medium,medium,wafer_tracking
cw_scene016_q01,scene_016,images/scene_016.png,gauge_reading,What two-digit pressure value is displayed on the PSI gauge?,31,18,22,76,26,D,76,standard_holdout,low_light,wide_ports,low_light,medium,medium,instrument_reading
cw_scene016_q02,scene_016,images/scene_016.png,led_state,Which module shows the green status LED?,Module C,Module A,Module E,Module D,Module B,B,Module A,standard_holdout,low_light,wide_ports,low_light,medium,medium,instrument_reading
cw_scene016_q03,scene_016,images/scene_016.png,cable_connection,Which port is connected to the yellow cable?,P2,P4,P3,P1,P5,A,P2,standard_holdout,low_light,wide_ports,low_light,medium,medium,connection_audit
cw_scene016_q04,scene_016,images/scene_016.png,robot_alignment,Which station is the orange robot arm pointing toward?,Station A,Station E,Station B,Station D,Station C,A,Station A,standard_holdout,low_light,wide_ports,low_light,medium,medium,wafer_tracking
cw_scene016_q05,scene_016,images/scene_016.png,defect_location,Where is the magenta particle marker located on the cassette area?,lower-right,upper-left,upper-right,lower-left,center,C,upper-right,standard_holdout,low_light,wide_ports,low_light,medium,medium,defect_audit
cw_scene016_q06,scene_016,images/scene_016.png,lot_code,What two-digit lot code is shown on the pod label?,71,36,66,17,32,C,66,standard_holdout,low_light,wide_ports,low_light,medium,medium,instrument_reading
cw_scene016_q07,scene_016,images/scene_016.png,route_order,"In the route strip, which waypoint comes immediately after waypoint 4?",5,4,3,1,2,A,5,standard_holdout,low_light,wide_ports,low_light,medium,medium,route_memory
cw_scene017_q00,scene_017,images/scene_017.png,slot_color,Which cassette slot contains the cyan wafer?,Slot 5,Slot 1,Slot 4,Slot 3,Slot 2,C,Slot 4,standard_holdout,standard,compact_panel,normal,medium,medium,wafer_tracking
cw_scene017_q01,scene_017,images/scene_017.png,gauge_reading,What two-digit pressure value is displayed on the PSI gauge?,31,62,26,18,22,B,62,standard_holdout,standard,compact_panel,normal,medium,medium,instrument_reading
cw_scene017_q02,scene_017,images/scene_017.png,led_state,Which module shows the blue status LED?,Module E,Module B,Module A,Module C,Module D,D,Module C,standard_holdout,standard,compact_panel,normal,medium,medium,instrument_reading
cw_scene017_q03,scene_017,images/scene_017.png,cable_connection,Which port is connected to the green cable?,P1,P2,P4,P5,P3,E,P3,standard_holdout,standard,compact_panel,normal,medium,medium,connection_audit
cw_scene017_q04,scene_017,images/scene_017.png,robot_alignment,Which station is the orange robot arm pointing toward?,Station B,Station A,Station D,Station E,Station C,B,Station A,standard_holdout,standard,compact_panel,normal,medium,medium,wafer_tracking
cw_scene017_q05,scene_017,images/scene_017.png,defect_location,Where is the magenta particle marker located on the cassette area?,lower-right,center,upper-left,upper-right,lower-left,A,lower-right,standard_holdout,standard,compact_panel,normal,medium,medium,defect_audit
cw_scene017_q06,scene_017,images/scene_017.png,lot_code,What two-digit lot code is shown on the pod label?,50,26,22,30,96,E,96,standard_holdout,standard,compact_panel,normal,medium,medium,instrument_reading
cw_scene017_q07,scene_017,images/scene_017.png,route_order,"In the route strip, which waypoint comes immediately after waypoint 1?",2,4,5,1,3,B,4,standard_holdout,standard,compact_panel,normal,medium,medium,route_memory
cw_scene018_q00,scene_018,images/scene_018.png,slot_color,Which cassette slot contains the cyan wafer?,Slot 4,Slot 3,Slot 2,Slot 5,Slot 1,A,Slot 4,standard_holdout,low_light,compact_panel,low_light,medium,medium,wafer_tracking
cw_scene018_q01,scene_018,images/scene_018.png,gauge_reading,What two-digit pressure value is displayed on the PSI gauge?,22,31,18,71,26,D,71,standard_holdout,low_light,compact_panel,low_light,medium,medium,instrument_reading
cw_scene018_q02,scene_018,images/scene_018.png,led_state,Which module shows the red status LED?,Module E,Module C,Module A,Module B,Module D,D,Module B,standard_holdout,low_light,compact_panel,low_light,medium,medium,instrument_reading
cw_scene018_q03,scene_018,images/scene_018.png,cable_connection,Which port is connected to the orange cable?,P3,P1,P4,P5,P2,A,P3,standard_holdout,low_light,compact_panel,low_light,medium,medium,connection_audit
cw_scene018_q04,scene_018,images/scene_018.png,robot_alignment,Which station is the orange robot arm pointing toward?,Station E,Station A,Station D,Station C,Station B,A,Station E,standard_holdout,low_light,compact_panel,low_light,medium,medium,wafer_tracking
cw_scene018_q05,scene_018,images/scene_018.png,defect_location,Where is the magenta particle marker located on the cassette area?,lower-right,lower-left,upper-right,upper-left,center,A,lower-right,standard_holdout,low_light,compact_panel,low_light,medium,medium,defect_audit
cw_scene018_q06,scene_018,images/scene_018.png,lot_code,What two-digit lot code is shown on the pod label?,89,83,52,25,95,A,89,standard_holdout,low_light,compact_panel,low_light,medium,medium,instrument_reading
cw_scene018_q07,scene_018,images/scene_018.png,route_order,"In the route strip, which waypoint comes immediately after waypoint 3?",3,4,5,2,1,C,5,standard_holdout,low_light,compact_panel,low_light,medium,medium,route_memory
cw_scene019_q00,scene_019,images/scene_019.png,slot_color,Which cassette slot contains the cyan wafer?,Slot 2,Slot 4,Slot 5,Slot 3,Slot 1,A,Slot 2,standard_holdout,standard,left_cassette,blue_cast,medium,medium,wafer_tracking
cw_scene019_q01,scene_019,images/scene_019.png,gauge_reading,What two-digit pressure value is displayed on the PSI gauge?,18,31,26,88,22,D,88,standard_holdout,standard,left_cassette,blue_cast,medium,medium,instrument_reading
cw_scene019_q02,scene_019,images/scene_019.png,led_state,Which module shows the cyan status LED?,Module B,Module E,Module C,Module D,Module A,C,Module C,standard_holdout,standard,left_cassette,blue_cast,medium,medium,instrument_reading
cw_scene019_q03,scene_019,images/scene_019.png,cable_connection,Which port is connected to the yellow cable?,P4,P5,P1,P2,P3,E,P3,standard_holdout,standard,left_cassette,blue_cast,medium,medium,connection_audit
cw_scene019_q04,scene_019,images/scene_019.png,robot_alignment,Which station is the orange robot arm pointing toward?,Station A,Station C,Station D,Station E,Station B,E,Station B,standard_holdout,standard,left_cassette,blue_cast,medium,medium,wafer_tracking
cw_scene019_q05,scene_019,images/scene_019.png,defect_location,Where is the magenta particle marker located on the cassette area?,upper-right,lower-left,center,lower-right,upper-left,B,lower-left,standard_holdout,standard,left_cassette,blue_cast,medium,medium,defect_audit
cw_scene019_q06,scene_019,images/scene_019.png,lot_code,What two-digit lot code is shown on the pod label?,35,47,41,32,88,C,41,standard_holdout,standard,left_cassette,blue_cast,medium,medium,instrument_reading
cw_scene019_q07,scene_019,images/scene_019.png,route_order,"In the route strip, which waypoint comes immediately after waypoint 2?",4,3,2,5,1,B,3,standard_holdout,standard,left_cassette,blue_cast,medium,medium,route_memory
cw_scene020_q00,scene_020,images/scene_020.png,slot_color,Which cassette slot contains the green wafer?,Slot 5,Slot 1,Slot 3,Slot 2,Slot 4,B,Slot 1,standard_holdout,standard,left_cassette,normal,medium,medium,wafer_tracking
cw_scene020_q01,scene_020,images/scene_020.png,gauge_reading,What two-digit pressure value is displayed on the PSI gauge?,18,22,26,35,31,E,31,standard_holdout,standard,left_cassette,normal,medium,medium,instrument_reading
cw_scene020_q02,scene_020,images/scene_020.png,led_state,Which module shows the amber status LED?,Module D,Module E,Module B,Module C,Module A,D,Module C,standard_holdout,standard,left_cassette,normal,medium,medium,instrument_reading
cw_scene020_q03,scene_020,images/scene_020.png,cable_connection,Which port is connected to the cyan cable?,P2,P3,P5,P1,P4,A,P2,standard_holdout,standard,left_cassette,normal,medium,medium,connection_audit
cw_scene020_q04,scene_020,images/scene_020.png,robot_alignment,Which station is the orange robot arm pointing toward?,Station C,Station E,Station A,Station D,Station B,B,Station E,standard_holdout,standard,left_cassette,normal,medium,medium,wafer_tracking
cw_scene020_q05,scene_020,images/scene_020.png,defect_location,Where is the magenta particle marker located on the cassette area?,lower-right,center,upper-right,upper-left,lower-left,A,lower-right,standard_holdout,standard,left_cassette,normal,medium,medium,defect_audit
cw_scene020_q06,scene_020,images/scene_020.png,lot_code,What two-digit lot code is shown on the pod label?,41,37,27,47,68,B,37,standard_holdout,standard,left_cassette,normal,medium,medium,instrument_reading
cw_scene020_q07,scene_020,images/scene_020.png,route_order,"In the route strip, which waypoint comes immediately after waypoint 1?",3,5,4,1,2,E,2,standard_holdout,standard,left_cassette,normal,medium,medium,route_memory
cw_scene021_q00,scene_021,images/scene_021.png,slot_color,Which cassette slot contains the red wafer?,Slot 1,Slot 4,Slot 5,Slot 3,Slot 2,C,Slot 5,standard_holdout,standard,wide_ports,blue_cast,medium,medium,wafer_tracking
cw_scene021_q01,scene_021,images/scene_021.png,gauge_reading,What two-digit pressure value is displayed on the PSI gauge?,22,31,26,88,18,D,88,standard_holdout,standard,wide_ports,blue_cast,medium,medium,instrument_reading
cw_scene021_q02,scene_021,images/scene_021.png,led_state,Which module shows the amber status LED?,Module B,Module C,Module E,Module A,Module D,A,Module B,standard_holdout,standard,wide_ports,blue_cast,medium,medium,instrument_reading
cw_scene021_q03,scene_021,images/scene_021.png,cable_connection,Which port is connected to the cyan cable?,P3,P5,P2,P4,P1,B,P5,standard_holdout,standard,wide_ports,blue_cast,medium,medium,connection_audit
cw_scene021_q04,scene_021,images/scene_021.png,robot_alignment,Which station is the orange robot arm pointing toward?,Station B,Station C,Station A,Station D,Station E,D,Station D,standard_holdout,standard,wide_ports,blue_cast,medium,medium,wafer_tracking
cw_scene021_q05,scene_021,images/scene_021.png,defect_location,Where is the magenta particle marker located on the cassette area?,upper-left,lower-right,lower-left,center,upper-right,B,lower-right,standard_holdout,standard,wide_ports,blue_cast,medium,medium,defect_audit
cw_scene021_q06,scene_021,images/scene_021.png,lot_code,What two-digit lot code is shown on the pod label?,45,77,86,43,33,E,33,standard_holdout,standard,wide_ports,blue_cast,medium,medium,instrument_reading
cw_scene021_q07,scene_021,images/scene_021.png,route_order,"In the route strip, which waypoint comes immediately after waypoint 5?",4,3,1,2,5,D,2,standard_holdout,standard,wide_ports,blue_cast,medium,medium,route_memory
cw_scene022_q00,scene_022,images/scene_022.png,slot_color,Which cassette slot contains the blue wafer?,Slot 5,Slot 3,Slot 1,Slot 2,Slot 4,B,Slot 3,standard_holdout,low_light,wide_ports,low_light,medium,medium,wafer_tracking
cw_scene022_q01,scene_022,images/scene_022.png,gauge_reading,What two-digit pressure value is displayed on the PSI gauge?,18,31,26,22,35,A,18,standard_holdout,low_light,wide_ports,low_light,medium,medium,instrument_reading
cw_scene022_q02,scene_022,images/scene_022.png,led_state,Which module shows the green status LED?,Module B,Module E,Module D,Module C,Module A,B,Module E,standard_holdout,low_light,wide_ports,low_light,medium,medium,instrument_reading
cw_scene022_q03,scene_022,images/scene_022.png,cable_connection,Which port is connected to the yellow cable?,P4,P1,P3,P2,P5,A,P4,standard_holdout,low_light,wide_ports,low_light,medium,medium,connection_audit
cw_scene022_q04,scene_022,images/scene_022.png,robot_alignment,Which station is the orange robot arm pointing toward?,Station D,Station C,Station B,Station A,Station E,C,Station B,standard_holdout,low_light,wide_ports,low_light,medium,medium,wafer_tracking
cw_scene022_q05,scene_022,images/scene_022.png,defect_location,Where is the magenta particle marker located on the cassette area?,lower-right,upper-right,lower-left,center,upper-left,C,lower-left,standard_holdout,low_light,wide_ports,low_light,medium,medium,defect_audit
cw_scene022_q06,scene_022,images/scene_022.png,lot_code,What two-digit lot code is shown on the pod label?,98,91,50,53,96,A,98,standard_holdout,low_light,wide_ports,low_light,medium,medium,instrument_reading
cw_scene022_q07,scene_022,images/scene_022.png,route_order,"In the route strip, which waypoint comes immediately after waypoint 3?",3,5,1,2,4,D,2,standard_holdout,low_light,wide_ports,low_light,medium,medium,route_memory
cw_scene023_q00,scene_023,images/scene_023.png,slot_color,Which cassette slot contains the red wafer?,Slot 5,Slot 2,Slot 1,Slot 3,Slot 4,D,Slot 3,standard_holdout,low_light,compact_panel,low_light,medium,medium,wafer_tracking
cw_scene023_q01,scene_023,images/scene_023.png,gauge_reading,What two-digit pressure value is displayed on the PSI gauge?,18,22,26,35,31,B,22,standard_holdout,low_light,compact_panel,low_light,medium,medium,instrument_reading
cw_scene023_q02,scene_023,images/scene_023.png,led_state,Which module shows the red status LED?,Module A,Module E,Module D,Module C,Module B,C,Module D,standard_holdout,low_light,compact_panel,low_light,medium,medium,instrument_reading
cw_scene023_q03,scene_023,images/scene_023.png,cable_connection,Which port is connected to the green cable?,P1,P4,P3,P5,P2,B,P4,standard_holdout,low_light,compact_panel,low_light,medium,medium,connection_audit
cw_scene023_q04,scene_023,images/scene_023.png,robot_alignment,Which station is the orange robot arm pointing toward?,Station E,Station D,Station A,Station C,Station B,C,Station A,standard_holdout,low_light,compact_panel,low_light,medium,medium,wafer_tracking
cw_scene023_q05,scene_023,images/scene_023.png,defect_location,Where is the magenta particle marker located on the cassette area?,lower-left,upper-left,lower-right,center,upper-right,A,lower-left,standard_holdout,low_light,compact_panel,low_light,medium,medium,defect_audit
cw_scene023_q06,scene_023,images/scene_023.png,lot_code,What two-digit lot code is shown on the pod label?,47,88,37,78,50,A,47,standard_holdout,low_light,compact_panel,low_light,medium,medium,instrument_reading
cw_scene023_q07,scene_023,images/scene_023.png,route_order,"In the route strip, which waypoint comes immediately after waypoint 2?",5,3,2,1,4,B,3,standard_holdout,low_light,compact_panel,low_light,medium,medium,route_memory
cw_scene024_q00,scene_024,images/scene_024.png,slot_color,Which cassette slot contains the blue wafer?,Slot 4,Slot 1,Slot 2,Slot 3,Slot 5,E,Slot 5,standard_holdout,low_light,left_cassette,low_light,medium,medium,wafer_tracking
cw_scene024_q01,scene_024,images/scene_024.png,gauge_reading,What two-digit pressure value is displayed on the PSI gauge?,18,62,31,22,26,B,62,standard_holdout,low_light,left_cassette,low_light,medium,medium,instrument_reading
cw_scene024_q02,scene_024,images/scene_024.png,led_state,Which module shows the blue status LED?,Module A,Module E,Module B,Module D,Module C,B,Module E,standard_holdout,low_light,left_cassette,low_light,medium,medium,instrument_reading
cw_scene024_q03,scene_024,images/scene_024.png,cable_connection,Which port is connected to the cyan cable?,P5,P3,P1,P4,P2,A,P5,standard_holdout,low_light,left_cassette,low_light,medium,medium,connection_audit
cw_scene024_q04,scene_024,images/scene_024.png,robot_alignment,Which station is the orange robot arm pointing toward?,Station A,Station B,Station D,Station C,Station E,E,Station E,standard_holdout,low_light,left_cassette,low_light,medium,medium,wafer_tracking
cw_scene024_q05,scene_024,images/scene_024.png,defect_location,Where is the magenta particle marker located on the cassette area?,upper-right,center,lower-left,upper-left,lower-right,B,center,standard_holdout,low_light,left_cassette,low_light,medium,medium,defect_audit
cw_scene024_q06,scene_024,images/scene_024.png,lot_code,What two-digit lot code is shown on the pod label?,49,66,48,89,78,A,49,standard_holdout,low_light,left_cassette,low_light,medium,medium,instrument_reading
cw_scene024_q07,scene_024,images/scene_024.png,route_order,"In the route strip, which waypoint comes immediately after waypoint 2?",4,2,5,1,3,A,4,standard_holdout,low_light,left_cassette,low_light,medium,medium,route_memory
cw_scene025_q00,scene_025,images/scene_025.png,slot_color,Which cassette slot contains the amber wafer?,Slot 3,Slot 1,Slot 4,Slot 5,Slot 2,A,Slot 3,standard_holdout,standard,left_cassette,blue_cast,medium,medium,wafer_tracking
cw_scene025_q01,scene_025,images/scene_025.png,gauge_reading,What two-digit pressure value is displayed on the PSI gauge?,22,26,31,18,82,E,82,standard_holdout,standard,left_cassette,blue_cast,medium,medium,instrument_reading
cw_scene025_q02,scene_025,images/scene_025.png,led_state,Which module shows the green status LED?,Module C,Module A,Module B,Module D,Module E,C,Module B,standard_holdout,standard,left_cassette,blue_cast,medium,medium,instrument_reading
cw_scene025_q03,scene_025,images/scene_025.png,cable_connection,Which port is connected to the yellow cable?,P2,P5,P3,P1,P4,B,P5,standard_holdout,standard,left_cassette,blue_cast,medium,medium,connection_audit
cw_scene025_q04,scene_025,images/scene_025.png,robot_alignment,Which station is the orange robot arm pointing toward?,Station B,Station D,Station E,Station C,Station A,C,Station E,standard_holdout,standard,left_cassette,blue_cast,medium,medium,wafer_tracking
cw_scene025_q05,scene_025,images/scene_025.png,defect_location,Where is the magenta particle marker located on the cassette area?,lower-left,upper-right,lower-right,upper-left,center,A,lower-left,standard_holdout,standard,left_cassette,blue_cast,medium,medium,defect_audit
cw_scene025_q06,scene_025,images/scene_025.png,lot_code,What two-digit lot code is shown on the pod label?,18,44,15,56,76,B,44,standard_holdout,standard,left_cassette,blue_cast,medium,medium,instrument_reading
cw_scene025_q07,scene_025,images/scene_025.png,route_order,"In the route strip, which waypoint comes immediately after waypoint 2?",2,1,5,4,3,D,4,standard_holdout,standard,left_cassette,blue_cast,medium,medium,route_memory
cw_scene026_q00,scene_026,images/scene_026.png,slot_color,Which cassette slot contains the blue wafer?,Slot 2,Slot 4,Slot 3,Slot 1,Slot 5,B,Slot 4,standard_holdout,standard,wide_ports,blue_cast,medium,medium,wafer_tracking
cw_scene026_q01,scene_026,images/scene_026.png,gauge_reading,What two-digit pressure value is displayed on the PSI gauge?,18,71,22,26,31,B,71,standard_holdout,standard,wide_ports,blue_cast,medium,medium,instrument_reading
cw_scene026_q02,scene_026,images/scene_026.png,led_state,Which module shows the blue status LED?,Module B,Module D,Module C,Module A,Module E,C,Module C,standard_holdout,standard,wide_ports,blue_cast,medium,medium,instrument_reading
cw_scene026_q03,scene_026,images/scene_026.png,cable_connection,Which port is connected to the purple cable?,P3,P4,P5,P1,P2,A,P3,standard_holdout,standard,wide_ports,blue_cast,medium,medium,connection_audit
cw_scene026_q04,scene_026,images/scene_026.png,robot_alignment,Which station is the orange robot arm pointing toward?,Station B,Station D,Station A,Station C,Station E,C,Station A,standard_holdout,standard,wide_ports,blue_cast,medium,medium,wafer_tracking
cw_scene026_q05,scene_026,images/scene_026.png,defect_location,Where is the magenta particle marker located on the cassette area?,upper-left,upper-right,lower-left,center,lower-right,B,upper-right,standard_holdout,standard,wide_ports,blue_cast,medium,medium,defect_audit
cw_scene026_q06,scene_026,images/scene_026.png,lot_code,What two-digit lot code is shown on the pod label?,61,34,69,82,54,D,82,standard_holdout,standard,wide_ports,blue_cast,medium,medium,instrument_reading
cw_scene026_q07,scene_026,images/scene_026.png,route_order,"In the route strip, which waypoint comes immediately after waypoint 5?",3,1,4,5,2,E,2,standard_holdout,standard,wide_ports,blue_cast,medium,medium,route_memory
cw_scene027_q00,scene_027,images/scene_027.png,slot_color,Which cassette slot contains the blue wafer?,Slot 2,Slot 5,Slot 1,Slot 3,Slot 4,D,Slot 3,standard_holdout,low_light,right_cassette,low_light,medium,medium,wafer_tracking
cw_scene027_q01,scene_027,images/scene_027.png,gauge_reading,What two-digit pressure value is displayed on the PSI gauge?,26,39,18,31,22,B,39,standard_holdout,low_light,right_cassette,low_light,medium,medium,instrument_reading
cw_scene027_q02,scene_027,images/scene_027.png,led_state,Which module shows the amber status LED?,Module A,Module E,Module C,Module D,Module B,D,Module D,standard_holdout,low_light,right_cassette,low_light,medium,medium,instrument_reading
cw_scene027_q03,scene_027,images/scene_027.png,cable_connection,Which port is connected to the orange cable?,P4,P5,P2,P1,P3,E,P3,standard_holdout,low_light,right_cassette,low_light,medium,medium,connection_audit
cw_scene027_q04,scene_027,images/scene_027.png,robot_alignment,Which station is the orange robot arm pointing toward?,Station D,Station E,Station C,Station B,Station A,E,Station A,standard_holdout,low_light,right_cassette,low_light,medium,medium,wafer_tracking
cw_scene027_q05,scene_027,images/scene_027.png,defect_location,Where is the magenta particle marker located on the cassette area?,lower-right,upper-right,lower-left,upper-left,center,C,lower-left,standard_holdout,low_light,right_cassette,low_light,medium,medium,defect_audit
cw_scene027_q06,scene_027,images/scene_027.png,lot_code,What two-digit lot code is shown on the pod label?,17,97,54,29,24,B,97,standard_holdout,low_light,right_cassette,low_light,medium,medium,instrument_reading
cw_scene027_q07,scene_027,images/scene_027.png,route_order,"In the route strip, which waypoint comes immediately after waypoint 3?",5,1,3,4,2,B,1,standard_holdout,low_light,right_cassette,low_light,medium,medium,route_memory
cw_scene028_q00,scene_028,images/scene_028.png,slot_color,Which cassette slot contains the red wafer?,Slot 3,Slot 4,Slot 1,Slot 2,Slot 5,B,Slot 4,ood_low_light,low_light,wide_ports,low_light,medium,hard,wafer_tracking
cw_scene028_q01,scene_028,images/scene_028.png,gauge_reading,What two-digit pressure value is displayed on the PSI gauge?,18,26,31,22,71,E,71,ood_low_light,low_light,wide_ports,low_light,medium,hard,instrument_reading
cw_scene028_q02,scene_028,images/scene_028.png,led_state,Which module shows the amber status LED?,Module D,Module C,Module B,Module E,Module A,A,Module D,ood_low_light,low_light,wide_ports,low_light,medium,hard,instrument_reading
cw_scene028_q03,scene_028,images/scene_028.png,cable_connection,Which port is connected to the purple cable?,P4,P2,P1,P5,P3,D,P5,ood_low_light,low_light,wide_ports,low_light,medium,hard,connection_audit
cw_scene028_q04,scene_028,images/scene_028.png,robot_alignment,Which station is the orange robot arm pointing toward?,Station C,Station B,Station A,Station E,Station D,E,Station D,ood_low_light,low_light,wide_ports,low_light,medium,hard,wafer_tracking
cw_scene028_q05,scene_028,images/scene_028.png,defect_location,Where is the magenta particle marker located on the cassette area?,lower-left,center,upper-left,lower-right,upper-right,A,lower-left,ood_low_light,low_light,wide_ports,low_light,medium,hard,defect_audit
cw_scene028_q06,scene_028,images/scene_028.png,lot_code,What two-digit lot code is shown on the pod label?,65,37,42,98,58,D,98,ood_low_light,low_light,wide_ports,low_light,medium,hard,instrument_reading
cw_scene028_q07,scene_028,images/scene_028.png,route_order,"In the route strip, which waypoint comes immediately after waypoint 1?",5,3,2,4,1,D,4,ood_low_light,low_light,wide_ports,low_light,medium,hard,route_memory
cw_scene029_q00,scene_029,images/scene_029.png,slot_color,Which cassette slot contains the amber wafer?,Slot 4,Slot 1,Slot 3,Slot 5,Slot 2,C,Slot 3,ood_low_light,low_light,left_cassette,low_light,medium,hard,wafer_tracking
cw_scene029_q01,scene_029,images/scene_029.png,gauge_reading,What two-digit pressure value is displayed on the PSI gauge?,18,35,26,22,31,E,31,ood_low_light,low_light,left_cassette,low_light,medium,hard,instrument_reading
cw_scene029_q02,scene_029,images/scene_029.png,led_state,Which module shows the cyan status LED?,Module A,Module B,Module E,Module C,Module D,A,Module A,ood_low_light,low_light,left_cassette,low_light,medium,hard,instrument_reading
cw_scene029_q03,scene_029,images/scene_029.png,cable_connection,Which port is connected to the purple cable?,P2,P4,P1,P3,P5,C,P1,ood_low_light,low_light,left_cassette,low_light,medium,hard,connection_audit
cw_scene029_q04,scene_029,images/scene_029.png,robot_alignment,Which station is the orange robot arm pointing toward?,Station E,Station B,Station D,Station A,Station C,A,Station E,ood_low_light,low_light,left_cassette,low_light,medium,hard,wafer_tracking
cw_scene029_q05,scene_029,images/scene_029.png,defect_location,Where is the magenta particle marker located on the cassette area?,lower-left,lower-right,upper-right,upper-left,center,D,upper-left,ood_low_light,low_light,left_cassette,low_light,medium,hard,defect_audit
cw_scene029_q06,scene_029,images/scene_029.png,lot_code,What two-digit lot code is shown on the pod label?,19,47,62,81,74,C,62,ood_low_light,low_light,left_cassette,low_light,medium,hard,instrument_reading
cw_scene029_q07,scene_029,images/scene_029.png,route_order,"In the route strip, which waypoint comes immediately after waypoint 5?",4,5,2,1,3,E,3,ood_low_light,low_light,left_cassette,low_light,medium,hard,route_memory
cw_scene030_q00,scene_030,images/scene_030.png,slot_color,Which cassette slot contains the amber wafer?,Slot 2,Slot 1,Slot 5,Slot 4,Slot 3,A,Slot 2,ood_low_light,low_light,compact_panel,low_light,medium,hard,wafer_tracking
cw_scene030_q01,scene_030,images/scene_030.png,gauge_reading,What two-digit pressure value is displayed on the PSI gauge?,35,26,31,18,22,C,31,ood_low_light,low_light,compact_panel,low_light,medium,hard,instrument_reading
cw_scene030_q02,scene_030,images/scene_030.png,led_state,Which module shows the cyan status LED?,Module E,Module C,Module A,Module B,Module D,B,Module C,ood_low_light,low_light,compact_panel,low_light,medium,hard,instrument_reading
cw_scene030_q03,scene_030,images/scene_030.png,cable_connection,Which port is connected to the yellow cable?,P1,P5,P3,P4,P2,E,P2,ood_low_light,low_light,compact_panel,low_light,medium,hard,connection_audit
cw_scene030_q04,scene_030,images/scene_030.png,robot_alignment,Which station is the orange robot arm pointing toward?,Station D,Station B,Station E,Station A,Station C,A,Station D,ood_low_light,low_light,compact_panel,low_light,medium,hard,wafer_tracking
cw_scene030_q05,scene_030,images/scene_030.png,defect_location,Where is the magenta particle marker located on the cassette area?,upper-left,upper-right,center,lower-left,lower-right,A,upper-left,ood_low_light,low_light,compact_panel,low_light,medium,hard,defect_audit
cw_scene030_q06,scene_030,images/scene_030.png,lot_code,What two-digit lot code is shown on the pod label?,28,17,35,71,56,A,28,ood_low_light,low_light,compact_panel,low_light,medium,hard,instrument_reading
cw_scene030_q07,scene_030,images/scene_030.png,route_order,"In the route strip, which waypoint comes immediately after waypoint 4?",1,5,3,4,2,E,2,ood_low_light,low_light,compact_panel,low_light,medium,hard,route_memory
cw_scene031_q00,scene_031,images/scene_031.png,slot_color,Which cassette slot contains the amber wafer?,Slot 3,Slot 1,Slot 5,Slot 4,Slot 2,B,Slot 1,ood_low_light,low_light,left_cassette,low_light,medium,hard,wafer_tracking
cw_scene031_q01,scene_031,images/scene_031.png,gauge_reading,What two-digit pressure value is displayed on the PSI gauge?,35,22,18,26,31,C,18,ood_low_light,low_light,left_cassette,low_light,medium,hard,instrument_reading
cw_scene031_q02,scene_031,images/scene_031.png,led_state,Which module shows the cyan status LED?,Module A,Module E,Module B,Module C,Module D,A,Module A,ood_low_light,low_light,left_cassette,low_light,medium,hard,instrument_reading
cw_scene031_q03,scene_031,images/scene_031.png,cable_connection,Which port is connected to the yellow cable?,P2,P3,P5,P4,P1,C,P5,ood_low_light,low_light,left_cassette,low_light,medium,hard,connection_audit
cw_scene031_q04,scene_031,images/scene_031.png,robot_alignment,Which station is the orange robot arm pointing toward?,Station B,Station A,Station C,Station E,Station D,B,Station A,ood_low_light,low_light,left_cassette,low_light,medium,hard,wafer_tracking
cw_scene031_q05,scene_031,images/scene_031.png,defect_location,Where is the magenta particle marker located on the cassette area?,lower-right,upper-right,center,lower-left,upper-left,E,upper-left,ood_low_light,low_light,left_cassette,low_light,medium,hard,defect_audit
cw_scene031_q06,scene_031,images/scene_031.png,lot_code,What two-digit lot code is shown on the pod label?,59,16,96,29,62,A,59,ood_low_light,low_light,left_cassette,low_light,medium,hard,instrument_reading
cw_scene031_q07,scene_031,images/scene_031.png,route_order,"In the route strip, which waypoint comes immediately after waypoint 2?",3,2,1,5,4,A,3,ood_low_light,low_light,left_cassette,low_light,medium,hard,route_memory
cw_scene032_q00,scene_032,images/scene_032.png,slot_color,Which cassette slot contains the cyan wafer?,Slot 4,Slot 1,Slot 5,Slot 3,Slot 2,E,Slot 2,ood_glare,glare,left_cassette,glare,medium,hard,wafer_tracking
cw_scene032_q01,scene_032,images/scene_032.png,gauge_reading,What two-digit pressure value is displayed on the PSI gauge?,26,39,18,22,31,B,39,ood_glare,glare,left_cassette,glare,medium,hard,instrument_reading
cw_scene032_q02,scene_032,images/scene_032.png,led_state,Which module shows the cyan status LED?,Module A,Module D,Module B,Module C,Module E,B,Module D,ood_glare,glare,left_cassette,glare,medium,hard,instrument_reading
cw_scene032_q03,scene_032,images/scene_032.png,cable_connection,Which port is connected to the purple cable?,P4,P3,P1,P2,P5,A,P4,ood_glare,glare,left_cassette,glare,medium,hard,connection_audit
cw_scene032_q04,scene_032,images/scene_032.png,robot_alignment,Which station is the orange robot arm pointing toward?,Station D,Station B,Station E,Station C,Station A,B,Station B,ood_glare,glare,left_cassette,glare,medium,hard,wafer_tracking
cw_scene032_q05,scene_032,images/scene_032.png,defect_location,Where is the magenta particle marker located on the cassette area?,center,upper-left,upper-right,lower-right,lower-left,E,lower-left,ood_glare,glare,left_cassette,glare,medium,hard,defect_audit
cw_scene032_q06,scene_032,images/scene_032.png,lot_code,What two-digit lot code is shown on the pod label?,22,55,58,82,10,C,58,ood_glare,glare,left_cassette,glare,medium,hard,instrument_reading
cw_scene032_q07,scene_032,images/scene_032.png,route_order,"In the route strip, which waypoint comes immediately after waypoint 4?",3,5,1,2,4,C,1,ood_glare,glare,left_cassette,glare,medium,hard,route_memory
cw_scene033_q00,scene_033,images/scene_033.png,slot_color,Which cassette slot contains the cyan wafer?,Slot 3,Slot 4,Slot 2,Slot 5,Slot 1,E,Slot 1,ood_glare,glare,compact_panel,glare,medium,hard,wafer_tracking
cw_scene033_q01,scene_033,images/scene_033.png,gauge_reading,What two-digit pressure value is displayed on the PSI gauge?,22,18,26,35,31,B,18,ood_glare,glare,compact_panel,glare,medium,hard,instrument_reading
cw_scene033_q02,scene_033,images/scene_033.png,led_state,Which module shows the blue status LED?,Module B,Module A,Module C,Module D,Module E,D,Module D,ood_glare,glare,compact_panel,glare,medium,hard,instrument_reading
cw_scene033_q03,scene_033,images/scene_033.png,cable_connection,Which port is connected to the green cable?,P2,P5,P3,P1,P4,A,P2,ood_glare,glare,compact_panel,glare,medium,hard,connection_audit
cw_scene033_q04,scene_033,images/scene_033.png,robot_alignment,Which station is the orange robot arm pointing toward?,Station A,Station E,Station B,Station C,Station D,B,Station E,ood_glare,glare,compact_panel,glare,medium,hard,wafer_tracking
cw_scene033_q05,scene_033,images/scene_033.png,defect_location,Where is the magenta particle marker located on the cassette area?,center,upper-left,upper-right,lower-left,lower-right,B,upper-left,ood_glare,glare,compact_panel,glare,medium,hard,defect_audit
cw_scene033_q06,scene_033,images/scene_033.png,lot_code,What two-digit lot code is shown on the pod label?,20,51,68,75,34,B,51,ood_glare,glare,compact_panel,glare,medium,hard,instrument_reading
cw_scene033_q07,scene_033,images/scene_033.png,route_order,"In the route strip, which waypoint comes immediately after waypoint 1?",1,4,2,3,5,B,4,ood_glare,glare,compact_panel,glare,medium,hard,route_memory
cw_scene034_q00,scene_034,images/scene_034.png,slot_color,Which cassette slot contains the cyan wafer?,Slot 4,Slot 1,Slot 5,Slot 2,Slot 3,B,Slot 1,ood_glare,glare,right_cassette,glare,medium,hard,wafer_tracking
cw_scene034_q01,scene_034,images/scene_034.png,gauge_reading,What two-digit pressure value is displayed on the PSI gauge?,18,31,26,22,71,E,71,ood_glare,glare,right_cassette,glare,medium,hard,instrument_reading
cw_scene034_q02,scene_034,images/scene_034.png,led_state,Which module shows the blue status LED?,Module D,Module B,Module C,Module E,Module A,C,Module C,ood_glare,glare,right_cassette,glare,medium,hard,instrument_reading
cw_scene034_q03,scene_034,images/scene_034.png,cable_connection,Which port is connected to the yellow cable?,P2,P4,P1,P5,P3,E,P3,ood_glare,glare,right_cassette,glare,medium,hard,connection_audit
cw_scene034_q04,scene_034,images/scene_034.png,robot_alignment,Which station is the orange robot arm pointing toward?,Station C,Station A,Station D,Station B,Station E,E,Station E,ood_glare,glare,right_cassette,glare,medium,hard,wafer_tracking
cw_scene034_q05,scene_034,images/scene_034.png,defect_location,Where is the magenta particle marker located on the cassette area?,upper-right,lower-right,upper-left,center,lower-left,E,lower-left,ood_glare,glare,right_cassette,glare,medium,hard,defect_audit
cw_scene034_q06,scene_034,images/scene_034.png,lot_code,What two-digit lot code is shown on the pod label?,22,27,50,80,68,A,22,ood_glare,glare,right_cassette,glare,medium,hard,instrument_reading
cw_scene034_q07,scene_034,images/scene_034.png,route_order,"In the route strip, which waypoint comes immediately after waypoint 5?",3,1,4,2,5,C,4,ood_glare,glare,right_cassette,glare,medium,hard,route_memory
cw_scene035_q00,scene_035,images/scene_035.png,slot_color,Which cassette slot contains the blue wafer?,Slot 5,Slot 1,Slot 4,Slot 3,Slot 2,E,Slot 2,ood_glare,glare,wide_ports,glare,medium,hard,wafer_tracking
cw_scene035_q01,scene_035,images/scene_035.png,gauge_reading,What two-digit pressure value is displayed on the PSI gauge?,31,26,18,22,48,E,48,ood_glare,glare,wide_ports,glare,medium,hard,instrument_reading
cw_scene035_q02,scene_035,images/scene_035.png,led_state,Which module shows the red status LED?,Module C,Module D,Module A,Module E,Module B,B,Module D,ood_glare,glare,wide_ports,glare,medium,hard,instrument_reading
cw_scene035_q03,scene_035,images/scene_035.png,cable_connection,Which port is connected to the yellow cable?,P1,P4,P3,P5,P2,B,P4,ood_glare,glare,wide_ports,glare,medium,hard,connection_audit
cw_scene035_q04,scene_035,images/scene_035.png,robot_alignment,Which station is the orange robot arm pointing toward?,Station D,Station E,Station C,Station B,Station A,C,Station C,ood_glare,glare,wide_ports,glare,medium,hard,wafer_tracking
cw_scene035_q05,scene_035,images/scene_035.png,defect_location,Where is the magenta particle marker located on the cassette area?,upper-right,lower-left,upper-left,lower-right,center,A,upper-right,ood_glare,glare,wide_ports,glare,medium,hard,defect_audit
cw_scene035_q06,scene_035,images/scene_035.png,lot_code,What two-digit lot code is shown on the pod label?,71,47,55,34,23,C,55,ood_glare,glare,wide_ports,glare,medium,hard,instrument_reading
cw_scene035_q07,scene_035,images/scene_035.png,route_order,"In the route strip, which waypoint comes immediately after waypoint 2?",4,2,1,3,5,C,1,ood_glare,glare,wide_ports,glare,medium,hard,route_memory
cw_scene036_q00,scene_036,images/scene_036.png,slot_color,Which cassette slot contains the cyan wafer?,Slot 2,Slot 5,Slot 3,Slot 4,Slot 1,C,Slot 3,ood_occlusion,occlusion,compact_panel,normal,high,hard,wafer_tracking
cw_scene036_q01,scene_036,images/scene_036.png,gauge_reading,What two-digit pressure value is displayed on the PSI gauge?,26,22,35,31,18,E,18,ood_occlusion,occlusion,compact_panel,normal,high,hard,instrument_reading
cw_scene036_q02,scene_036,images/scene_036.png,led_state,Which module shows the green status LED?,Module B,Module E,Module A,Module D,Module C,E,Module C,ood_occlusion,occlusion,compact_panel,normal,high,hard,instrument_reading
cw_scene036_q03,scene_036,images/scene_036.png,cable_connection,Which port is connected to the yellow cable?,P1,P4,P5,P3,P2,D,P3,ood_occlusion,occlusion,compact_panel,normal,high,hard,connection_audit
cw_scene036_q04,scene_036,images/scene_036.png,robot_alignment,Which station is the orange robot arm pointing toward?,Station C,Station D,Station B,Station E,Station A,D,Station E,ood_occlusion,occlusion,compact_panel,normal,high,hard,wafer_tracking
cw_scene036_q05,scene_036,images/scene_036.png,defect_location,Where is the magenta particle marker located on the cassette area?,upper-left,center,upper-right,lower-left,lower-right,E,lower-right,ood_occlusion,occlusion,compact_panel,normal,high,hard,defect_audit
cw_scene036_q06,scene_036,images/scene_036.png,lot_code,What two-digit lot code is shown on the pod label?,49,52,91,40,93,D,40,ood_occlusion,occlusion,compact_panel,normal,high,hard,instrument_reading
cw_scene036_q07,scene_036,images/scene_036.png,route_order,"In the route strip, which waypoint comes immediately after waypoint 4?",3,1,5,4,2,B,1,ood_occlusion,occlusion,compact_panel,normal,high,hard,route_memory
cw_scene037_q00,scene_037,images/scene_037.png,slot_color,Which cassette slot contains the amber wafer?,Slot 4,Slot 2,Slot 1,Slot 3,Slot 5,D,Slot 3,ood_occlusion,occlusion,wide_ports,normal,high,hard,wafer_tracking
cw_scene037_q01,scene_037,images/scene_037.png,gauge_reading,What two-digit pressure value is displayed on the PSI gauge?,35,31,22,18,26,A,35,ood_occlusion,occlusion,wide_ports,normal,high,hard,instrument_reading
cw_scene037_q02,scene_037,images/scene_037.png,led_state,Which module shows the blue status LED?,Module A,Module B,Module E,Module C,Module D,E,Module D,ood_occlusion,occlusion,wide_ports,normal,high,hard,instrument_reading
cw_scene037_q03,scene_037,images/scene_037.png,cable_connection,Which port is connected to the yellow cable?,P3,P4,P2,P1,P5,B,P4,ood_occlusion,occlusion,wide_ports,normal,high,hard,connection_audit
cw_scene037_q04,scene_037,images/scene_037.png,robot_alignment,Which station is the orange robot arm pointing toward?,Station E,Station A,Station C,Station B,Station D,B,Station A,ood_occlusion,occlusion,wide_ports,normal,high,hard,wafer_tracking
cw_scene037_q05,scene_037,images/scene_037.png,defect_location,Where is the magenta particle marker located on the cassette area?,upper-left,upper-right,lower-right,center,lower-left,C,lower-right,ood_occlusion,occlusion,wide_ports,normal,high,hard,defect_audit
cw_scene037_q06,scene_037,images/scene_037.png,lot_code,What two-digit lot code is shown on the pod label?,58,94,59,80,41,E,41,ood_occlusion,occlusion,wide_ports,normal,high,hard,instrument_reading
cw_scene037_q07,scene_037,images/scene_037.png,route_order,"In the route strip, which waypoint comes immediately after waypoint 5?",2,4,3,5,1,A,2,ood_occlusion,occlusion,wide_ports,normal,high,hard,route_memory
cw_scene038_q00,scene_038,images/scene_038.png,slot_color,Which cassette slot contains the green wafer?,Slot 1,Slot 4,Slot 5,Slot 3,Slot 2,A,Slot 1,ood_occlusion,occlusion,right_cassette,normal,high,hard,wafer_tracking
cw_scene038_q01,scene_038,images/scene_038.png,gauge_reading,What two-digit pressure value is displayed on the PSI gauge?,22,35,18,31,26,A,22,ood_occlusion,occlusion,right_cassette,normal,high,hard,instrument_reading
cw_scene038_q02,scene_038,images/scene_038.png,led_state,Which module shows the red status LED?,Module B,Module E,Module C,Module D,Module A,D,Module D,ood_occlusion,occlusion,right_cassette,normal,high,hard,instrument_reading
cw_scene038_q03,scene_038,images/scene_038.png,cable_connection,Which port is connected to the cyan cable?,P5,P4,P3,P1,P2,D,P1,ood_occlusion,occlusion,right_cassette,normal,high,hard,connection_audit
cw_scene038_q04,scene_038,images/scene_038.png,robot_alignment,Which station is the orange robot arm pointing toward?,Station B,Station A,Station C,Station D,Station E,A,Station B,ood_occlusion,occlusion,right_cassette,normal,high,hard,wafer_tracking
cw_scene038_q05,scene_038,images/scene_038.png,defect_location,Where is the magenta particle marker located on the cassette area?,center,lower-left,upper-right,upper-left,lower-right,C,upper-right,ood_occlusion,occlusion,right_cassette,normal,high,hard,defect_audit
cw_scene038_q06,scene_038,images/scene_038.png,lot_code,What two-digit lot code is shown on the pod label?,73,70,61,56,47,C,61,ood_occlusion,occlusion,right_cassette,normal,high,hard,instrument_reading
cw_scene038_q07,scene_038,images/scene_038.png,route_order,"In the route strip, which waypoint comes immediately after waypoint 3?",2,3,4,1,5,D,1,ood_occlusion,occlusion,right_cassette,normal,high,hard,route_memory
cw_scene039_q00,scene_039,images/scene_039.png,slot_color,Which cassette slot contains the green wafer?,Slot 5,Slot 2,Slot 4,Slot 1,Slot 3,D,Slot 1,ood_occlusion,occlusion,left_cassette,normal,high,hard,wafer_tracking
cw_scene039_q01,scene_039,images/scene_039.png,gauge_reading,What two-digit pressure value is displayed on the PSI gauge?,88,18,31,26,22,A,88,ood_occlusion,occlusion,left_cassette,normal,high,hard,instrument_reading
cw_scene039_q02,scene_039,images/scene_039.png,led_state,Which module shows the cyan status LED?,Module D,Module A,Module B,Module C,Module E,D,Module C,ood_occlusion,occlusion,left_cassette,normal,high,hard,instrument_reading
cw_scene039_q03,scene_039,images/scene_039.png,cable_connection,Which port is connected to the purple cable?,P4,P3,P2,P1,P5,E,P5,ood_occlusion,occlusion,left_cassette,normal,high,hard,connection_audit
cw_scene039_q04,scene_039,images/scene_039.png,robot_alignment,Which station is the orange robot arm pointing toward?,Station C,Station E,Station A,Station B,Station D,A,Station C,ood_occlusion,occlusion,left_cassette,normal,high,hard,wafer_tracking
cw_scene039_q05,scene_039,images/scene_039.png,defect_location,Where is the magenta particle marker located on the cassette area?,center,lower-left,upper-right,lower-right,upper-left,B,lower-left,ood_occlusion,occlusion,left_cassette,normal,high,hard,defect_audit
cw_scene039_q06,scene_039,images/scene_039.png,lot_code,What two-digit lot code is shown on the pod label?,45,73,88,53,78,C,88,ood_occlusion,occlusion,left_cassette,normal,high,hard,instrument_reading
cw_scene039_q07,scene_039,images/scene_039.png,route_order,"In the route strip, which waypoint comes immediately after waypoint 5?",2,4,1,5,3,A,2,ood_occlusion,occlusion,left_cassette,normal,high,hard,route_memory
cw_scene040_q00,scene_040,images/scene_040.png,slot_color,Which cassette slot contains the amber wafer?,Slot 1,Slot 4,Slot 2,Slot 5,Slot 3,B,Slot 4,ood_dense_clutter,dense_clutter,right_cassette,blue_cast,high,hard,wafer_tracking
cw_scene040_q01,scene_040,images/scene_040.png,gauge_reading,What two-digit pressure value is displayed on the PSI gauge?,26,22,53,31,18,C,53,ood_dense_clutter,dense_clutter,right_cassette,blue_cast,high,hard,instrument_reading
cw_scene040_q02,scene_040,images/scene_040.png,led_state,Which module shows the red status LED?,Module B,Module D,Module C,Module A,Module E,E,Module E,ood_dense_clutter,dense_clutter,right_cassette,blue_cast,high,hard,instrument_reading
cw_scene040_q03,scene_040,images/scene_040.png,cable_connection,Which port is connected to the cyan cable?,P4,P3,P2,P5,P1,C,P2,ood_dense_clutter,dense_clutter,right_cassette,blue_cast,high,hard,connection_audit
cw_scene040_q04,scene_040,images/scene_040.png,robot_alignment,Which station is the orange robot arm pointing toward?,Station E,Station B,Station D,Station C,Station A,C,Station D,ood_dense_clutter,dense_clutter,right_cassette,blue_cast,high,hard,wafer_tracking
cw_scene040_q05,scene_040,images/scene_040.png,defect_location,Where is the magenta particle marker located on the cassette area?,lower-left,lower-right,upper-left,upper-right,center,C,upper-left,ood_dense_clutter,dense_clutter,right_cassette,blue_cast,high,hard,defect_audit
cw_scene040_q06,scene_040,images/scene_040.png,lot_code,What two-digit lot code is shown on the pod label?,42,98,67,41,68,B,98,ood_dense_clutter,dense_clutter,right_cassette,blue_cast,high,hard,instrument_reading
cw_scene040_q07,scene_040,images/scene_040.png,route_order,"In the route strip, which waypoint comes immediately after waypoint 2?",1,4,3,2,5,C,3,ood_dense_clutter,dense_clutter,right_cassette,blue_cast,high,hard,route_memory
cw_scene041_q00,scene_041,images/scene_041.png,slot_color,Which cassette slot contains the red wafer?,Slot 4,Slot 5,Slot 2,Slot 1,Slot 3,A,Slot 4,ood_dense_clutter,dense_clutter,compact_panel,blue_cast,high,hard,wafer_tracking
cw_scene041_q01,scene_041,images/scene_041.png,gauge_reading,What two-digit pressure value is displayed on the PSI gauge?,82,18,22,26,31,A,82,ood_dense_clutter,dense_clutter,compact_panel,blue_cast,high,hard,instrument_reading
cw_scene041_q02,scene_041,images/scene_041.png,led_state,Which module shows the amber status LED?,Module D,Module B,Module E,Module A,Module C,E,Module C,ood_dense_clutter,dense_clutter,compact_panel,blue_cast,high,hard,instrument_reading
cw_scene041_q03,scene_041,images/scene_041.png,cable_connection,Which port is connected to the purple cable?,P5,P4,P3,P1,P2,D,P1,ood_dense_clutter,dense_clutter,compact_panel,blue_cast,high,hard,connection_audit
cw_scene041_q04,scene_041,images/scene_041.png,robot_alignment,Which station is the orange robot arm pointing toward?,Station D,Station B,Station A,Station C,Station E,C,Station A,ood_dense_clutter,dense_clutter,compact_panel,blue_cast,high,hard,wafer_tracking
cw_scene041_q05,scene_041,images/scene_041.png,defect_location,Where is the magenta particle marker located on the cassette area?,lower-right,center,upper-right,upper-left,lower-left,B,center,ood_dense_clutter,dense_clutter,compact_panel,blue_cast,high,hard,defect_audit
cw_scene041_q06,scene_041,images/scene_041.png,lot_code,What two-digit lot code is shown on the pod label?,62,24,17,16,53,C,17,ood_dense_clutter,dense_clutter,compact_panel,blue_cast,high,hard,instrument_reading
cw_scene041_q07,scene_041,images/scene_041.png,route_order,"In the route strip, which waypoint comes immediately after waypoint 4?",2,3,5,4,1,A,2,ood_dense_clutter,dense_clutter,compact_panel,blue_cast,high,hard,route_memory
cw_scene042_q00,scene_042,images/scene_042.png,slot_color,Which cassette slot contains the amber wafer?,Slot 3,Slot 4,Slot 2,Slot 1,Slot 5,A,Slot 3,ood_dense_clutter,dense_clutter,compact_panel,blue_cast,high,hard,wafer_tracking
cw_scene042_q01,scene_042,images/scene_042.png,gauge_reading,What two-digit pressure value is displayed on the PSI gauge?,35,22,18,31,26,A,35,ood_dense_clutter,dense_clutter,compact_panel,blue_cast,high,hard,instrument_reading
cw_scene042_q02,scene_042,images/scene_042.png,led_state,Which module shows the green status LED?,Module C,Module A,Module E,Module B,Module D,B,Module A,ood_dense_clutter,dense_clutter,compact_panel,blue_cast,high,hard,instrument_reading
cw_scene042_q03,scene_042,images/scene_042.png,cable_connection,Which port is connected to the yellow cable?,P4,P5,P1,P2,P3,D,P2,ood_dense_clutter,dense_clutter,compact_panel,blue_cast,high,hard,connection_audit
cw_scene042_q04,scene_042,images/scene_042.png,robot_alignment,Which station is the orange robot arm pointing toward?,Station A,Station E,Station C,Station B,Station D,A,Station A,ood_dense_clutter,dense_clutter,compact_panel,blue_cast,high,hard,wafer_tracking
cw_scene042_q05,scene_042,images/scene_042.png,defect_location,Where is the magenta particle marker located on the cassette area?,center,lower-right,lower-left,upper-right,upper-left,C,lower-left,ood_dense_clutter,dense_clutter,compact_panel,blue_cast,high,hard,defect_audit
cw_scene042_q06,scene_042,images/scene_042.png,lot_code,What two-digit lot code is shown on the pod label?,59,20,56,26,84,E,84,ood_dense_clutter,dense_clutter,compact_panel,blue_cast,high,hard,instrument_reading
cw_scene042_q07,scene_042,images/scene_042.png,route_order,"In the route strip, which waypoint comes immediately after waypoint 2?",2,1,5,3,4,D,3,ood_dense_clutter,dense_clutter,compact_panel,blue_cast,high,hard,route_memory
cw_scene043_q00,scene_043,images/scene_043.png,slot_color,Which cassette slot contains the amber wafer?,Slot 3,Slot 1,Slot 4,Slot 5,Slot 2,A,Slot 3,ood_dense_clutter,dense_clutter,wide_ports,blue_cast,high,hard,wafer_tracking
cw_scene043_q01,scene_043,images/scene_043.png,gauge_reading,What two-digit pressure value is displayed on the PSI gauge?,31,76,18,26,22,B,76,ood_dense_clutter,dense_clutter,wide_ports,blue_cast,high,hard,instrument_reading
cw_scene043_q02,scene_043,images/scene_043.png,led_state,Which module shows the green status LED?,Module A,Module E,Module D,Module B,Module C,E,Module C,ood_dense_clutter,dense_clutter,wide_ports,blue_cast,high,hard,instrument_reading
cw_scene043_q03,scene_043,images/scene_043.png,cable_connection,Which port is connected to the yellow cable?,P5,P2,P4,P1,P3,B,P2,ood_dense_clutter,dense_clutter,wide_ports,blue_cast,high,hard,connection_audit
cw_scene043_q04,scene_043,images/scene_043.png,robot_alignment,Which station is the orange robot arm pointing toward?,Station B,Station C,Station E,Station D,Station A,C,Station E,ood_dense_clutter,dense_clutter,wide_ports,blue_cast,high,hard,wafer_tracking
cw_scene043_q05,scene_043,images/scene_043.png,defect_location,Where is the magenta particle marker located on the cassette area?,lower-right,center,upper-left,lower-left,upper-right,D,lower-left,ood_dense_clutter,dense_clutter,wide_ports,blue_cast,high,hard,defect_audit
cw_scene043_q06,scene_043,images/scene_043.png,lot_code,What two-digit lot code is shown on the pod label?,64,81,52,78,86,D,78,ood_dense_clutter,dense_clutter,wide_ports,blue_cast,high,hard,instrument_reading
cw_scene043_q07,scene_043,images/scene_043.png,route_order,"In the route strip, which waypoint comes immediately after waypoint 1?",4,2,3,1,5,C,3,ood_dense_clutter,dense_clutter,wide_ports,blue_cast,high,hard,route_memory
